[{"id": 0, "name": "Bingley", "parent": 0, "expand": []}, {"id": 1, "name": "Charles", "parent": 1, "expand": []}, {"id": 2, "name": "Charlotte Lucas", "parent": 2, "expand": [{"name": "Charlotte", "parent": 2}]}, {"id": 3, "name": "Colonel Fitzwilliam", "parent": 3, "expand": []}, {"id": 4, "name": "Darcy", "parent": 4, "expand": []}, {"id": 5, "name": "Elizabeth", "parent": 5, "expand": [{"name": "Eliza", "parent": 5}, {"name": "Lizzy", "parent": 5}, {"name": "Miss Eliza", "parent": 5}, {"name": "Miss Elizabeth", "parent": 5}]}, {"id": 6, "name": "Fitzwilliam", "parent": 6, "expand": []}, {"id": 7, "name": "George Wickham", "parent": 7, "expand": [{"name": "Wickham", "parent": 7}]}, {"id": 8, "name": "Hill", "parent": 8, "expand": []}, {"id": 9, "name": "Jane", "parent": 9, "expand": []}, {"id": 10, "name": "Lady Catherine De Bourgh", "parent": 10, "expand": [{"name": "Catherine", "parent": 10}, {"name": "Lady Catherine", "parent": 10}, {"name": "Kitty", "parent": 10}]}, {"id": 11, "name": "Lydia", "parent": 11, "expand": []}, {"id": 12, "name": "Madam", "parent": 12, "expand": []}, {"id": 13, "name": "Maria", "parent": 13, "expand": []}, {"id": 14, "name": "Mary", "parent": 14, "expand": []}, {"id": 15, "name": "Miss Bingley", "parent": 15, "expand": []}, {"id": 16, "name": "Miss Darcy", "parent": 16, "expand": []}, {"id": 17, "name": "Miss Lucas", "parent": 17, "expand": []}, {"id": 18, "name": "Mr. Bennet", "parent": 18, "expand": []}, {"id": 19, "name": "Mr. Bingley", "parent": 19, "expand": []}, {"id": 20, "name": "Mr. Collins", "parent": 20, "expand": []}, {"id": 21, "name": "Mr. Darcy", "parent": 21, "expand": []}, {"id": 22, "name": "Mr. Gardiner", "parent": 22, "expand": []}, {"id": 23, "name": "Mr. Hurst", "parent": 23, "expand": []}, {"id": 24, "name": "Mr. Wickham", "parent": 24, "expand": []}, {"id": 25, "name": "Mrs. Bennet", "parent": 25, "expand": [{"name": "Miss Bennet", "parent": 25}, {"name": "Bennet", "parent": 25}]}, {"id": 26, "name": "Mrs. Collins", "parent": 26, "expand": []}, {"id": 27, "name": "Mrs. Forster", "parent": 27, "expand": []}, {"id": 28, "name": "Mrs. Gardiner", "parent": 28, "expand": []}, {"id": 29, "name": "Mrs. Hurst", "parent": 29, "expand": []}, {"id": 30, "name": "Mrs. Philips", "parent": 30, "expand": []}, {"id": 31, "name": "Reynolds", "parent": 31, "expand": []}, {"id": 32, "name": "Sir", "parent": 32, "expand": []}, {"id": 33, "name": "Sir William", "parent": 33, "expand": []}, {"id": 34, "name": "Sir William Lucas", "parent": 34, "expand": []}]